Canonical Item,Aliases,Active,Notes
soy sauce,soy sauce or tamari,TRUE,Standalone tamari remains separate unless added
butter,"salted butter; unsalted butter",TRUE,
maple syrup,,TRUE,
rice,,TRUE,Specialty rice remains separate unless aliased
pasta,,TRUE,
oats,,TRUE,
sugar,"granulated sugar; white sugar",TRUE,Specialty sugars remain separate unless added
salt,"kosher salt; sea salt; table salt",TRUE,
black pepper,"pepper; ground black pepper; black peppercorns; peppercorns",TRUE,
flour,"AP flour; all-purpose flour; plain flour",TRUE,Specialty flours remain separate
baking soda,"sodium bicarbonate; bicarbonate of soda",TRUE,
